DraftYear,Overall_rank_corr,m5p_rank_notie_corr,m5p_rank_tied_corr,m5p_rank_nonzero_corr
2001,0.43038011804600407,0.5098335873511517,0.9264013316316204,0.9196605661086535
2002,0.2999573008337193,0.34424140226956923,0.929059315655396,0.9338112262621584
2007,0.4579636263433453,0.37762124552218246,0.8427287131441168,0.8411098098649765
2008,0.5108308584589419,0.46796059471581297,0.803435141196052,0.7961984064450858
