DraftYear,Overall_rank_corr,lmt_rank_notie_corr,lmt_rank_tied_corr
2001,0.43038011804600407,0.5325233675741092,0.9062442949250131
2002,0.30220732406124196,0.3725425509907053,0.9319129226493748
2007,0.46353383458646613,0.4357907179295757,0.8369700847864342
2008,0.5123952844850461,0.39173837231340736,0.7789071680376028
