DraftYear,Overall_rank_corr,lmt_rank_notie_corr,lmt_rank_tied_corr
2001,0.43038011804600407,0.5325233675741092,0.9062442949250131
2002,0.2999573008337193,0.3797359888837425,0.9324846572487262
2007,0.4579636263433453,0.45226129787820335,0.8410460870763296
2008,0.5108308584589419,0.40145089025544434,0.7816149079906196
