DraftYear,correct_num,total_num,accuracy
2001,202.0,244.0,0.8278688524590164
2002,208.0,255.0,0.8156862745098039
2007,129.0,191.0,0.675392670157068
2008,112.0,186.0,0.6021505376344086
